Subject_Area_Code,Layer_Type,Load_Type,Data_Asset_Name,Gold_Job_Name,Bronze_Schema,Bronze_Table_Name,Silver_Schema,Silver_Table_Name,Gold_Schema,Gold_Table_Name,Trigger_File_Path,Dependency_Layer,Dependency_DataAsset_Name_Or_Gold_Job_Name,Schedule_Type,Average_Schedule_Configuration,Average_End_Time,Schedule_Frequency,Manual_Mapping_File
IM,bronze,Push,DataAsset-Y,,fdn_transaction_bronze,raw_invoices,,,,,,,,schedule,17:30:00,17:40:00,Sun-Thu,
SCM,Silver,Pull,DataAsset-M,job_dim_orders,,,fdn_product_silver,dim_orders,,,,bronze,DataAsset-M,schedule,17:30:00,17:40:00,Sun-Thu, 
SCM,Gold,Pull,DataAsset-L,job_cur_salesdata,fdn_sales_bronze,raw_invoices,fdn_transaction_silver,dim_shipments,fdn_inventory_gold,cur_salesdata,/path/to/file7,silver,DataAsset-L,Custom Event,17:45:00,,Sun-Thu,
SA,bronze,Push,DataAsset-Z,,fdn_masterdata_bronze,raw_shipments,,,,,,,,,,,,Y
SA,Silver,Push,DataAsset-P,job_dim_customers,,,fdn_transaction_silver,dim_customers,,,,bronze,DataAsset-P,,,,,
IM,Gold,push,DataAsset-N,job_cur_customers,fdn_masterdata_bronze,raw_products,fdn_product_silver,dim_salesdata,fdn_inventory_gold,cur_customers,,silver,DataAsset-N,event,,,,Y
SCM,O9,Outbound,DataAsset-J,job_Outbound_O9,,,,,,,,Gold,DataAsset-J,blob event,17:50:00,,Sun-Thu,
PP,bronze,Push,DataAsset-U,job_raw_orders,fdn_sales_bronze,raw_orders,,,fdn_transaction_gold,cur_orders, ,,,Custom Event,17:30:00,17:40:00,Sun-Thu, 
PP,Silver,Push,DataAsset-C,job_dim_invoices,,,fdn_sales_silver,dim_invoices,fdn_product_gold,cur_products, ,bronze,DataAsset-C,Custom Event,17:30:00,17:40:00,Sun-Thu, 
SCM,bronze,Push,DataAsset-S,,fdn_product_bronze,raw_orders,,,,,,,,Custom Event,15:30:00,15:40:00,Sun-Thu, 
SA,Silver,Push,DataAsset-D,job_dim_customers,,,fdn_customer_silver,dim_customers,fdn_product_gold,cur_customers, ,bronze,DataAsset-D,Custom Event,15:30:00,15:40:00,Sun-Thu, 
IM,bronze,Push,DataAsset-O,,fdn_masterdata_bronze,raw_shipments,,,,,,,,Custom Event,15:45:00,15:55:00,Sun-Thu,
SCM,Silver,Push,DataAsset-M,job_dim_products,,,fdn_inventory_silver,dim_products,fdn_masterdata_gold,cur_customers, ,bronze,DataAsset-M,Custom Event,15:45:00,15:55:00,Sun-Thu,
IM,Gold,Push,DataAsset-G,job_cur_salesdata,fdn_product_bronze,raw_products,fdn_inventory_silver,dim_salesdata,fdn_product_gold,cur_salesdata,,silver,DataAsset-G,event,17:45:00,17:55:00,Sun-Thu, 
PP,O9,Outbound,DataAsset-Z,job_Outbound_O9,,,,,,,,Gold,DataAsset-Z,blob event,17:45:00,17:50:00,Sun-Thu,
IM,bronze,Pull,DataAsset-M,job_raw_invoices,fdn_inventory_bronze,raw_invoices,,,,,,,,Schedule,16:30:00,16:45:00,Sun-Thu,
IM,bronze,Pull,DataAsset-M,job_raw_shipments,fdn_inventory_bronze,raw_shipments,,,,,,,,Schedule,16:45:00,16:55:00,Sun-Thu,
SA,Silver,Pull,DataAsset-H,job_dim_products,,,fdn_masterdata_silver,dim_products,fdn_sales_gold,cur_customers, ,bronze,DataAsset-H,Schedule,16:30:00,16:45:00,Sun-Thu, 
SA,Silver,Pull,DataAsset-D,job_dim_orders,,,fdn_transaction_silver,dim_orders,fdn_product_gold,cur_salesdata, ,bronze,DataAsset-D,Schedule,16:45:00,16:55:00,Sun-Thu, 
IM,bronze,Pull,DataAsset-L,,fdn_transaction_bronze,raw_orders,,,,,,,,Schedule,16:30:00,16:45:00,Sun-Thu, 
PP,bronze,Pull,DataAsset-O,,fdn_product_bronze,raw_invoices,,,,,,,,Schedule,16:45:00,17:00:00,Sun-Thu, 
PP,Silver,Pull,DataAsset-L,job_dim_orders,,,fdn_masterdata_silver,dim_orders,fdn_transaction_gold,cur_customers, ,bronze,DataAsset-L,Schedule,16:30:00,16:45:00,Sun-Thu (Weekly), 
IM,Silver,Pull,DataAsset-R,job_dim_customers,,,fdn_masterdata_silver,dim_customers,fdn_masterdata_gold,cur_customers, ,bronze,DataAsset-R,Schedule,16:45:00,17:00:00,Sun-Thu (Weekly), 
IM,bronze,Pull,DataAsset-U,,fdn_sales_bronze,raw_salesdata,,,,,,,,Schedule,16:45:00,17:00:00,Sun-Thu (Weekly), 
IM,bronze,Pull,DataAsset-J,,fdn_customer_bronze,raw_shipments,,,,,,,,Schedule,16:30:00,16:45:00,Sun-Thu (Weekly), 
SA,Silver,Pull,DataAsset-E,job_dim_invoices,,,fdn_masterdata_silver,dim_invoices,fdn_customer_gold,cur_salesdata, ,bronze,DataAsset-E,Schedule,16:45:00,17:00:00,Sun-Thu (Weekly), 
PP,Silver,Pull,DataAsset-P,job_dim_customers,,,fdn_transaction_silver,dim_customers,fdn_masterdata_gold,cur_invoices, ,bronze,DataAsset-P,Schedule,16:30:00,16:45:00,Sun-Thu (Weekly), 
SCM,bronze,Pull,DataAsset-Z,,fdn_transaction_bronze,raw_salesdata,,,,,,,,Schedule,16:30:00,16:45:00,Sun-Thu (Weekly), 
SA,bronze,Pull,DataAsset-B,,fdn_customer_bronze,raw_invoices,,,,,,,,Schedule,16:45:00,17:00:00,Sun-Thu (Weekly), 
SCM,Silver,Pull,DataAsset-I,job_dim_products,,,fdn_sales_silver,dim_products,fdn_customer_gold,cur_orders, ,bronze,DataAsset-I,Schedule,16:30:00,16:45:00,Sun-Thu (Weekly), 
SA,Silver,Pull,DataAsset-N,job_dim_invoices,,,fdn_transaction_silver,dim_invoices,fdn_product_gold,cur_orders, ,bronze,DataAsset-N,Schedule,16:45:00,17:00:00,Sun-Thu (Weekly), 
SA,bronze,Pull,DataAsset-S,,fdn_masterdata_bronze,raw_invoices,,,,,,,,Schedule,16:30:00,16:45:00,Sun-Thu (Weekly), 
PP,bronze,Pull,DataAsset-L,,fdn_customer_bronze,raw_shipments,,,,,,,,Schedule,16:45:00,17:00:00,Sun-Thu (Weekly), 
SA,Silver,Pull,DataAsset-V,job_dim_customers,,,fdn_transaction_silver,dim_customers,fdn_inventory_gold,cur_invoices, ,bronze,DataAsset-V,Schedule,16:30:00,16:45:00,Sun-Thu (Weekly), 
IM,Silver,Pull,DataAsset-U,job_dim_orders,,,fdn_sales_silver,dim_orders,fdn_customer_gold,cur_shipments, ,bronze,DataAsset-U,Schedule,16:45:00,17:00:00,Sun-Thu (Weekly), 
PP,bronze,Pull,DataAsset-S,,fdn_customer_bronze,raw_customers,,,,,,,,Schedule,16:30:00,16:45:00,Sun-Thu (Weekly), 
SA,bronze,Pull,DataAsset-E,,fdn_transaction_bronze,raw_shipments,,,,,,,,Schedule,16:30:00,16:45:00,Sun-Thu (Weekly), 
SCM,Silver,Pull,DataAsset-R,job_dim_orders,,,fdn_customer_silver,dim_orders,fdn_inventory_gold,cur_orders, ,bronze,DataAsset-R,Schedule,16:30:00,16:45:00,Sun-Thu (Weekly), 
PP,Silver,Pull,DataAsset-A,job_dim_orders,,,fdn_inventory_silver,dim_orders,fdn_customer_gold,cur_shipments, ,bronze,DataAsset-A,Schedule,16:30:00,16:45:00,Sun-Thu (Weekly), 
IM,Gold,Push,DataAsset-P,job_cur_products,fdn_masterdata_bronze,raw_products,fdn_product_silver,dim_shipments,fdn_sales_gold,cur_products,,silver,DataAsset-P,event,17:15:00,17:30:00,Sun-Thu (Weekly), 
SCM,EDW,Outbound,DataAsset-F,job_Outbound_EDW,fdn_sales_bronze,raw_shipments,fdn_masterdata_silver,dim_invoices,fdn_customer_gold,cur_customers, ,Gold,DataAsset-F,blob event,17:45:00,,Sun-Thu (Weekly), 
IM,O9,Outbound,DataAsset-D,job_Outbound_O9,fdn_inventory_bronze,raw_salesdata,fdn_masterdata_silver,dim_products,fdn_inventory_gold,cur_invoices, ,Gold,DataAsset-D,blob event,17:45:00,,Sun-Thu (Weekly), 
PP,O9,Inbound,DataAsset-K,job_Inbound_O9,fdn_sales_bronze,raw_shipments,fdn_inventory_silver,dim_shipments,fdn_transaction_gold,cur_customers,/path/to/file4,,, ,16:15:00,16:30:00,Mon-Fri(Weekly), 
SCM,bronze,Push,DataAsset-P,job_raw_salesdata,fdn_transaction_bronze,raw_salesdata,,,fdn_product_gold,cur_invoices,/path/to/file2,,,.ctrl event,15:30:00,15:40:00,Sun-Thu (Weekly), 
SCM,bronze,Pull,DataAsset-O,job_raw_orders,fdn_inventory_bronze,raw_orders,,,fdn_product_gold,cur_salesdata,,,,schedule,17:30:00,17:15:00,Sun-Thu (Weekly), 
SA,bronze,Pull,DataAsset-L,job_raw_customers,fdn_product_bronze,raw_customers,,,fdn_inventory_gold,cur_invoices,,,,schedule,17:30:00,17:40:00,Sun-Thu (Weekly), 
SCM,Silver,Pull,,,,,fdn_masterdata_silver,dim_shipments,,,,bronze,,Schedule,17:30:00,17:40:00,Sun-Thu (Weekly), 
IM,bronze,Pull,DataAsset-M,job_raw_salesdata,fdn_masterdata_bronze,raw_salesdata,,,fdn_inventory_gold,cur_invoices,,,,schedule,17:30:00,17:40:00,Sun-Thu (Weekly), 
SCM,bronze,Pull,DataAsset-P,job_raw_customers,fdn_product_bronze,raw_customers,,,fdn_inventory_gold,cur_customers, ,,,schedule,17:40:00,17:40:00,Sun-Thu (Weekly), 
SA,Silver,Pull,,,,,fdn_masterdata_silver,dim_orders,,,,bronze,,schedule,17:40:00,17:50:00,Sun-Thu (Weekly), 
PP,bronze,Push,DataAsset-K,job_raw_customers,fdn_product_bronze,raw_customers,,,fdn_customer_gold,cur_invoices,/path/to/file7,,,.ctrl event,15:30:00,15:40:00,Sun-Thu (Weekly), 
IM,Silver,Push,,,,,fdn_transaction_silver,dim_shipments,,,,bronze,,.ctrl event,15:30:00,15:40:00,Sun-Thu (Weekly), 
SCM,bronze,Push,DataAsset-R,,fdn_inventory_bronze,raw_shipments,,,,,/path/to/file1,,,.ctrl event,15:30:00,15:40:00,Sun-Thu (Weekly), 
PP,bronze,Push,DataAsset-G,job_raw_orders,fdn_inventory_bronze,raw_orders,,,fdn_inventory_gold,cur_customers,/path/to/file7,,,.ctrl event,15:30:00,15:40:00,Sun-Thu (Weekly), 
SCM,Silver,Push,,,,,fdn_customer_silver,dim_invoices,,,,bronze,,.ctrl event,15:30:00,15:40:00,Sun-Thu (Weekly), 
PP,bronze,push,DataAsset-M,job_raw_products,fdn_inventory_bronze,raw_products,,,fdn_inventory_gold,cur_salesdata,/path/to/file6,,,.ctrl event,16:30:00,16:40:00,Sun-Thu (Weekly), 
IM,Silver,push,,,,,fdn_product_silver,dim_salesdata,,,,bronze,,.ctrl event,16:30:00,16:40:00,Sun-Thu (Weekly), 
SCM,bronze,Pull,DataAsset-C,job_raw_invoices,fdn_sales_bronze,raw_invoices,,,fdn_sales_gold,cur_invoices, ,,,Schedule,17:30:00,17:45:00,Sun-Thu (Weekly), 
IM,Silver,Pull,,,,,fdn_customer_silver,dim_customers,,,,bronze,,Schedule,17:30:00,17:45:00,Sun-Thu (Weekly), 
PP,bronze,push,DataAsset-O,job_raw_salesdata,fdn_transaction_bronze,raw_salesdata,fdn_product_silver,dim_orders,fdn_product_gold,cur_salesdata, ,,,Event,,,, 
SA,Gold,push,DataAsset-W,job_cur_shipments,fdn_customer_bronze,raw_orders,fdn_inventory_silver,dim_orders,fdn_inventory_gold,cur_shipments,/path/to/file3,silver,DataAsset-W,Event,18:00:00,18:10:00,Sun-Thu (Weekly), 
SA,O9,Outbound,DataAsset-Y,job_Outbound_O9,fdn_sales_bronze,raw_customers,fdn_customer_silver,dim_orders,,, ,gold,DataAsset-Y,blob event,18:00:00,18:05:00,Sun-Thu (Weekly), 
IM,O9-Gold,Inbound,DataAsset-W,job_Inbound_O9-Gold,,,,,fdn_customer_gold,cur_shipments,/path/to/file5,,,event,18:00:00,18:10:00,Mon-Fri(Weekly),
SA,Silver,push,DataAsset-K,job_dim_products,fdn_product_bronze,raw_products,fdn_customer_silver,dim_products,fdn_inventory_gold,cur_invoices,/path/to/file7,,,event,,,, 
SCM,Silver,push,DataAsset-O,job_dim_shipments,fdn_inventory_bronze,raw_invoices,fdn_masterdata_silver,dim_shipments,fdn_inventory_gold,cur_customers, ,,,,,,, 
IM,Gold,push,DataAsset-K,job_cur_orders,fdn_inventory_bronze,raw_invoices,fdn_masterdata_silver,dim_salesdata,fdn_transaction_gold,cur_orders,,Silver,DataAsset-K,event,01:45:00,02:00:00,Daily twice, 
SCM,O9,push,DataAsset-I,job_push_O9,fdn_inventory_bronze,raw_products,fdn_customer_silver,dim_shipments,fdn_product_gold,cur_shipments, ,Gold,DataAsset-I,blob event,01:50:00,02:00:00,Daily twice, 
PP,Bronze,push,DataAsset-P,job_raw_products,fdn_sales_bronze,raw_products,,,fdn_sales_gold,cur_invoices,/path/to/file3,,,Event,,,, 
SA,Silver,push,DataAsset-H,,,,fdn_sales_silver,dim_orders,,,/path/to/file2,,,Event,,,,
SCM,Gold,push,DataAsset-R,job_cur_invoices,fdn_product_bronze,raw_orders,fdn_product_silver,dim_salesdata,fdn_product_gold,cur_invoices,,,,Event,,,, 
SA,O9,Outbound,DataAsset-G,job_Outbound_O9,,,,,,,,,,Schedule,,,,
IM,bronze,push,DataAsset-N,,fdn_customer_bronze,raw_customers,fdn_product_silver,dim_invoices,,,/path/to/file6,,,event,,,,Y
SA,bronze,push,DataAsset-A,,fdn_transaction_bronze,raw_products,fdn_product_silver,dim_invoices,,,/path/to/file7,,,event,,,,Y
PP,Gold,push,DataAsset-V,job_cur_products,fdn_sales_bronze,raw_salesdata,fdn_inventory_silver,dim_orders,fdn_product_gold,cur_products,/path/to/file1,,,event,,,,Y
IM,Gold,push,DataAsset-P,job_cur_salesdata,fdn_inventory_bronze,raw_invoices,fdn_masterdata_silver,dim_customers,fdn_masterdata_gold,cur_salesdata,/path/to/file8,,,event,,,,Y
SCM,Bronze,push,DataAsset-A,job_raw_invoices,fdn_masterdata_bronze,raw_invoices,fdn_masterdata_silver,dim_salesdata,fdn_customer_gold,cur_orders,/path/to/file5,,,event,,,,Y
SCM,Bronze,Pull,DataAsset-G,,fdn_masterdata_bronze,raw_salesdata,fdn_transaction_silver,dim_invoices,,,,,,Schedule,00:00:00,00:40:00,"Weekly (Fri,Mon)", 
PP,Gold,Pull,DataAsset-E,job_cur_customers,fdn_product_bronze,raw_products,fdn_inventory_silver,dim_orders,fdn_product_gold,cur_customers,,,,"Schedule,event",,,, 
IM,Gold,push,DataAsset-O,job_cur_invoices,fdn_customer_bronze,raw_invoices,fdn_customer_silver,dim_salesdata,fdn_inventory_gold,cur_invoices,/path/to/file6,,,"Source Ctrl evnt,Gold ctrl event",20:30:00,20:35:00,daily, 
SA,Gold,push,DataAsset-Q,job_cur_orders,fdn_transaction_bronze,raw_salesdata,fdn_sales_silver,dim_salesdata,fdn_sales_gold,cur_orders,/path/to/file2,,,"Source Ctrl evnt,event",15:45:00,15:55:00,weekly (sun-thu), 
IM,Gold,push,DataAsset-I,job_cur_invoices,fdn_transaction_bronze,raw_customers,fdn_product_silver,dim_invoices,fdn_masterdata_gold,cur_invoices,,,,Gold ctrl event,,,, 
IM,Gold,push,DataAsset-R,job_cur_customers,fdn_sales_bronze,raw_invoices,fdn_product_silver,dim_invoices,fdn_masterdata_gold,cur_customers,,,,Gold ctrl event,,,, 
SA,Gold,push,DataAsset-C,job_cur_salesdata,fdn_customer_bronze,raw_products,fdn_masterdata_silver,dim_invoices,fdn_product_gold,cur_salesdata,,,,Gold ctrl event,,,, 
IM,Gold,push,DataAsset-M,job_cur_orders,fdn_inventory_bronze,raw_products,fdn_customer_silver,dim_salesdata,fdn_customer_gold,cur_orders,/path/to/file1,,,event,,,,Y
IM,Gold,push,DataAsset-T,job_cur_customers,fdn_masterdata_bronze,raw_salesdata,fdn_product_silver,dim_invoices,fdn_customer_gold,cur_customers,/path/to/file7,,,event,,,,Y
IM,Gold,push,DataAsset-N,job_cur_invoices,fdn_transaction_bronze,raw_invoices,fdn_transaction_silver,dim_products,fdn_masterdata_gold,cur_invoices,,,,Gold ctrl event,19:40:00,20:15:00,weekly (Sun), 
PP,Gold,push,DataAsset-M,job_cur_shipments,fdn_sales_bronze,raw_invoices,fdn_transaction_silver,dim_orders,fdn_customer_gold,cur_shipments,,,,Gold ctrl event,20:15:00,,weekly (Sun), 
SA,Gold,push,DataAsset-P,job_cur_shipments,fdn_transaction_bronze,raw_products,fdn_product_silver,dim_customers,fdn_inventory_gold,cur_shipments,,,,Gold ctrl event,20:30:00,20:40:00,weekly (Sun), 
SCM,Gold,push,DataAsset-W,job_cur_products,fdn_inventory_bronze,raw_customers,fdn_sales_silver,dim_orders,fdn_masterdata_gold,cur_products,,,,Gold ctrl event,20:30:00,20:40:00,weekly (Sun), 
SCM,Gold,push,DataAsset-G,job_cur_invoices,fdn_product_bronze,raw_products,fdn_transaction_silver,dim_orders,fdn_sales_gold,cur_invoices,,,,Gold ctrl event,,,Adhoc, 
SCM,Gold,push,DataAsset-N,job_cur_products,fdn_masterdata_bronze,raw_orders,fdn_customer_silver,dim_invoices,fdn_masterdata_gold,cur_products,,,,Gold ctrl event,,,Adhoc, 
SCM,Gold,push,DataAsset-G,job_cur_orders,fdn_customer_bronze,raw_orders,fdn_transaction_silver,dim_shipments,fdn_inventory_gold,cur_orders,,,,Gold ctrl event,,,, 
SA,Gold,push,DataAsset-L,job_cur_salesdata,fdn_masterdata_bronze,raw_orders,fdn_masterdata_silver,dim_orders,fdn_sales_gold,cur_salesdata,,,,Gold ctrl event,,,, 
SCM,Gold,push,DataAsset-D,job_cur_invoices,fdn_inventory_bronze,raw_customers,fdn_inventory_silver,dim_invoices,fdn_customer_gold,cur_invoices,,,,Gold ctrl event,,,, 
PP,bronze,push,DataAsset-T,,fdn_transaction_bronze,raw_products,fdn_inventory_silver,dim_orders,,,/path/to/file6,,,event,,,,Y
SA,bronze,push,DataAsset-L,,fdn_masterdata_bronze,raw_salesdata,fdn_product_silver,dim_products,,,/path/to/file1,,,event,,,,Y
IM,Gold,push,DataAsset-O,job_cur_products,fdn_sales_bronze,raw_products,fdn_transaction_silver,dim_customers,fdn_masterdata_gold,cur_products,/path/to/file8,,,event,,,,Y
PP,Gold,push,DataAsset-R,job_cur_customers,fdn_customer_bronze,raw_customers,fdn_masterdata_silver,dim_products,fdn_customer_gold,cur_customers,/path/to/file3,,,event,,,,Y
PP,Bronze,push,DataAsset-I,job_raw_salesdata,fdn_masterdata_bronze,raw_salesdata,fdn_masterdata_silver,dim_customers,fdn_sales_gold,cur_products,/path/to/file4,,,event,,,,Y
PP,Bronze,Pull,DataAsset-Q,,fdn_product_bronze,raw_products,fdn_sales_silver,dim_shipments,,,,,,Schedule,00:00:00,00:40:00,"Weekly (Fri,Mon)", 
SCM,Gold,Pull,DataAsset-Z,job_cur_shipments,fdn_product_bronze,raw_customers,fdn_transaction_silver,dim_shipments,fdn_transaction_gold,cur_shipments,,,,"Schedule,event",,,, 
SCM,Gold,push,DataAsset-S,job_cur_customers,fdn_masterdata_bronze,raw_products,fdn_inventory_silver,dim_products,fdn_sales_gold,cur_customers,/path/to/file8,,,"Source Ctrl evnt,Gold ctrl event",20:30:00,20:35:00,daily, 
PP,Gold,push,DataAsset-E,job_cur_salesdata,fdn_sales_bronze,raw_salesdata,fdn_customer_silver,dim_orders,fdn_transaction_gold,cur_salesdata,/path/to/file4,,,"Source Ctrl evnt,event",15:45:00,15:55:00,weekly (sun-thu), 
SCM,Gold,push,DataAsset-T,job_cur_customers,fdn_masterdata_bronze,raw_invoices,fdn_transaction_silver,dim_salesdata,fdn_sales_gold,cur_customers,,,,Gold ctrl event,,,, 
IM,Gold,push,DataAsset-O,job_cur_customers,fdn_transaction_bronze,raw_products,fdn_product_silver,dim_products,fdn_product_gold,cur_customers,,,,Gold ctrl event,,,, 
IM,Gold,push,DataAsset-B,job_cur_products,fdn_transaction_bronze,raw_customers,fdn_masterdata_silver,dim_shipments,fdn_customer_gold,cur_products,,,,Gold ctrl event,,,, 
PP,Gold,push,DataAsset-Y,job_cur_invoices,fdn_masterdata_bronze,raw_customers,fdn_transaction_silver,dim_salesdata,fdn_masterdata_gold,cur_invoices,/path/to/file1,,,event,,,,Y
PP,Gold,push,DataAsset-Y,job_cur_orders,fdn_customer_bronze,raw_invoices,fdn_transaction_silver,dim_orders,fdn_product_gold,cur_orders,/path/to/file5,,,event,,,,Y
SA,Gold,push,DataAsset-N,job_cur_salesdata,fdn_transaction_bronze,raw_products,fdn_inventory_silver,dim_shipments,fdn_product_gold,cur_salesdata,,,,Gold ctrl event,19:40:00,20:15:00,weekly (Sun), 
SA,Gold,push,DataAsset-B,job_cur_products,fdn_sales_bronze,raw_salesdata,fdn_inventory_silver,dim_salesdata,fdn_sales_gold,cur_products,,,,Gold ctrl event,20:15:00,,weekly (Sun), 
PP,Gold,push,DataAsset-C,job_cur_customers,fdn_transaction_bronze,raw_invoices,fdn_transaction_silver,dim_invoices,fdn_customer_gold,cur_customers,,,,Gold ctrl event,20:30:00,20:40:00,weekly (Sun), 
PP,Gold,push,DataAsset-F,job_cur_orders,fdn_inventory_bronze,raw_customers,fdn_customer_silver,dim_salesdata,fdn_masterdata_gold,cur_orders,,,,Gold ctrl event,20:30:00,20:40:00,weekly (Sun), 
SA,Gold,push,DataAsset-R,job_cur_invoices,fdn_transaction_bronze,raw_customers,fdn_masterdata_silver,dim_products,fdn_product_gold,cur_invoices,,,,Gold ctrl event,,,Adhoc, 
IM,Gold,push,DataAsset-E,job_cur_shipments,fdn_transaction_bronze,raw_shipments,fdn_product_silver,dim_orders,fdn_masterdata_gold,cur_shipments,,,,Gold ctrl event,,,Adhoc, 
PP,Gold,push,DataAsset-U,job_cur_shipments,fdn_product_bronze,raw_customers,fdn_inventory_silver,dim_shipments,fdn_masterdata_gold,cur_shipments,,,,Gold ctrl event,,,, 
PP,Gold,push,DataAsset-C,job_cur_shipments,fdn_sales_bronze,raw_products,fdn_inventory_silver,dim_customers,fdn_masterdata_gold,cur_shipments,,,,Gold ctrl event,,,, 
SA,Gold,push,DataAsset-A,job_cur_salesdata,fdn_masterdata_bronze,raw_salesdata,fdn_product_silver,dim_invoices,fdn_sales_gold,cur_salesdata,,,,Gold ctrl event,,,, 
IM,O9,Outbound,DataAsset-O,job_Outbound_O9,,,,,,,,,,blob event,04:40:00,05:25:00,Weekly (Tues),
PP,O9,Outbound,DataAsset-H,job_Outbound_O9,,,,,,,,,,blob event,,,Monthly,
PP,O9,Outbound,DataAsset-K,job_Outbound_O9,,,,,,,,,,blob event,,,Monthly,
SA,O9,Outbound,DataAsset-T,job_Outbound_O9,,,,,,,,,,blob event,15:00:00,15:15:00,Weekly (Tues),
IM,O9-Gold,Inbound,DataAsset-Z,job_Inbound_O9-Gold,,,,,fdn_transaction_gold,cur_customers,/path/to/file4,,,event,18:10:00,18:15:00,Weekly (Mon),
SCM,O9-Gold,Inbound,DataAsset-R,job_Inbound_O9-Gold,,,,,fdn_masterdata_gold,cur_orders,/path/to/file7,,,Event,18:10:00,18:15:00,Weekly (Mon),
SA,bronze,push,DataAsset-V,,fdn_inventory_bronze,raw_orders,fdn_transaction_silver,dim_invoices,,,/path/to/file2,,,event,,,,Y
IM,bronze,push,DataAsset-G,,fdn_customer_bronze,raw_salesdata,fdn_sales_silver,dim_invoices,,,/path/to/file7,,,event,,,,Y
SCM,Gold,push,DataAsset-I,job_cur_orders,fdn_customer_bronze,raw_salesdata,fdn_transaction_silver,dim_customers,fdn_customer_gold,cur_orders,/path/to/file1,,,event,,,,Y
SA,Gold,push,DataAsset-M,job_cur_orders,fdn_sales_bronze,raw_salesdata,fdn_inventory_silver,dim_products,fdn_masterdata_gold,cur_orders,/path/to/file6,,,event,,,,Y
SA,Bronze,push,DataAsset-L,job_raw_invoices,fdn_inventory_bronze,raw_invoices,fdn_inventory_silver,dim_invoices,fdn_sales_gold,cur_salesdata,/path/to/file4,,,event,,,,Y
PP,Bronze,Pull,DataAsset-X,,fdn_masterdata_bronze,raw_customers,fdn_transaction_silver,dim_customers,,,,,,Schedule,00:00:00,00:40:00,"Weekly (Fri,Mon)", 
PP,Gold,Pull,DataAsset-T,job_cur_invoices,fdn_transaction_bronze,raw_products,fdn_masterdata_silver,dim_salesdata,fdn_masterdata_gold,cur_invoices,,,,"Schedule,event",,,, 
SA,Gold,push,DataAsset-K,job_cur_salesdata,fdn_product_bronze,raw_invoices,fdn_product_silver,dim_shipments,fdn_transaction_gold,cur_salesdata,/path/to/file3,,,"Source Ctrl evnt,Gold ctrl event",20:30:00,20:35:00,daily, 
IM,Gold,push,DataAsset-D,job_cur_products,fdn_sales_bronze,raw_salesdata,fdn_inventory_silver,dim_invoices,fdn_transaction_gold,cur_products,/path/to/file4,,,"Source Ctrl evnt,event",15:45:00,15:55:00,weekly (sun-thu), 
PP,Gold,push,DataAsset-C,job_cur_products,fdn_transaction_bronze,raw_orders,fdn_product_silver,dim_salesdata,fdn_product_gold,cur_products,,,,Gold ctrl event,,,, 
SA,Gold,push,DataAsset-B,job_cur_shipments,fdn_masterdata_bronze,raw_invoices,fdn_product_silver,dim_orders,fdn_product_gold,cur_shipments,,,,Gold ctrl event,,,, 
SCM,Gold,push,DataAsset-B,job_cur_shipments,fdn_transaction_bronze,raw_shipments,fdn_masterdata_silver,dim_salesdata,fdn_customer_gold,cur_shipments,,,,Gold ctrl event,,,, 
SA,Gold,push,DataAsset-Q,job_cur_salesdata,fdn_masterdata_bronze,raw_shipments,fdn_customer_silver,dim_invoices,fdn_inventory_gold,cur_salesdata,/path/to/file7,,,event,,,,Y
SA,Gold,push,DataAsset-L,job_cur_orders,fdn_customer_bronze,raw_shipments,fdn_transaction_silver,dim_invoices,fdn_product_gold,cur_orders,/path/to/file7,,,event,,,,Y
PP,Gold,push,DataAsset-Y,job_cur_shipments,fdn_inventory_bronze,raw_invoices,fdn_product_silver,dim_shipments,fdn_transaction_gold,cur_shipments,,,,Gold ctrl event,19:40:00,20:15:00,weekly (Sun), 
SA,Gold,push,DataAsset-C,job_cur_salesdata,fdn_product_bronze,raw_customers,fdn_masterdata_silver,dim_orders,fdn_inventory_gold,cur_salesdata,,,,Gold ctrl event,20:15:00,,weekly (Sun), 
PP,Gold,push,DataAsset-H,job_cur_products,fdn_masterdata_bronze,raw_salesdata,fdn_sales_silver,dim_customers,fdn_transaction_gold,cur_products,,,,Gold ctrl event,20:30:00,20:40:00,weekly (Sun), 
SA,Gold,push,DataAsset-P,job_cur_salesdata,fdn_transaction_bronze,raw_products,fdn_sales_silver,dim_customers,fdn_sales_gold,cur_salesdata,,,,Gold ctrl event,20:30:00,20:40:00,weekly (Sun), 
SCM,Gold,push,DataAsset-J,job_cur_customers,fdn_product_bronze,raw_invoices,fdn_product_silver,dim_invoices,fdn_product_gold,cur_customers,,,,Gold ctrl event,,,Adhoc, 
IM,Gold,push,DataAsset-I,job_cur_invoices,fdn_product_bronze,raw_customers,fdn_product_silver,dim_invoices,fdn_inventory_gold,cur_invoices,,,,Gold ctrl event,,,Adhoc, 
PP,Gold,push,DataAsset-Q,job_cur_customers,fdn_sales_bronze,raw_products,fdn_inventory_silver,dim_products,fdn_masterdata_gold,cur_customers,,,,Gold ctrl event,,,, 
SA,Gold,push,DataAsset-I,job_cur_invoices,fdn_inventory_bronze,raw_customers,fdn_inventory_silver,dim_salesdata,fdn_product_gold,cur_invoices,,,,Gold ctrl event,,,, 
IM,Gold,push,DataAsset-S,job_cur_salesdata,fdn_sales_bronze,raw_invoices,fdn_masterdata_silver,dim_customers,fdn_sales_gold,cur_salesdata,,,,Gold ctrl event,,,, 
SCM,bronze,push,DataAsset-M,,fdn_transaction_bronze,raw_salesdata,fdn_customer_silver,dim_products,,,/path/to/file4,,,event,,,,Y
IM,bronze,push,DataAsset-W,,fdn_transaction_bronze,raw_products,fdn_inventory_silver,dim_salesdata,,,/path/to/file6,,,event,,,,Y
SA,Gold,push,DataAsset-O,job_cur_products,fdn_customer_bronze,raw_orders,fdn_sales_silver,dim_customers,fdn_masterdata_gold,cur_products,/path/to/file6,,,event,,,,Y
SA,Gold,push,DataAsset-U,job_cur_orders,fdn_sales_bronze,raw_shipments,fdn_inventory_silver,dim_customers,fdn_inventory_gold,cur_orders,/path/to/file8,,,event,,,,Y
IM,Bronze,push,DataAsset-A,job_raw_shipments,fdn_customer_bronze,raw_shipments,fdn_product_silver,dim_customers,fdn_masterdata_gold,cur_products,/path/to/file5,,,event,,,,Y
SCM,Bronze,Pull,DataAsset-J,,fdn_transaction_bronze,raw_orders,fdn_transaction_silver,dim_shipments,,,,,,Schedule,00:00:00,00:40:00,"Weekly (Fri,Mon)", 
IM,Gold,Pull,DataAsset-B,job_cur_orders,fdn_transaction_bronze,raw_customers,fdn_masterdata_silver,dim_orders,fdn_inventory_gold,cur_orders,,,,"Schedule,event",,,, 
SA,Gold,push,DataAsset-F,job_cur_products,fdn_inventory_bronze,raw_shipments,fdn_masterdata_silver,dim_orders,fdn_customer_gold,cur_products,/path/to/file2,,,"Source Ctrl evnt,Gold ctrl event",20:30:00,20:35:00,daily, 
SA,Gold,push,DataAsset-W,job_cur_invoices,fdn_masterdata_bronze,raw_products,fdn_masterdata_silver,dim_shipments,fdn_inventory_gold,cur_invoices,/path/to/file5,,,"Source Ctrl evnt,event",15:45:00,15:55:00,weekly (sun-thu), 
PP,Gold,push,DataAsset-N,job_cur_orders,fdn_product_bronze,raw_customers,fdn_sales_silver,dim_salesdata,fdn_sales_gold,cur_orders,,,,Gold ctrl event,,,, 
PP,Gold,push,DataAsset-N,job_cur_orders,fdn_customer_bronze,raw_invoices,fdn_sales_silver,dim_shipments,fdn_customer_gold,cur_orders,,,,Gold ctrl event,,,, 
SA,Gold,push,DataAsset-S,job_cur_invoices,fdn_sales_bronze,raw_shipments,fdn_transaction_silver,dim_orders,fdn_customer_gold,cur_invoices,,,,Gold ctrl event,,,, 
SCM,Gold,push,DataAsset-C,job_cur_salesdata,fdn_sales_bronze,raw_orders,fdn_transaction_silver,dim_products,fdn_transaction_gold,cur_salesdata,/path/to/file8,,,event,,,,Y
PP,Gold,push,DataAsset-L,job_cur_salesdata,fdn_customer_bronze,raw_salesdata,fdn_customer_silver,dim_customers,fdn_customer_gold,cur_salesdata,/path/to/file5,,,event,,,,Y
PP,Gold,push,DataAsset-B,job_cur_customers,fdn_product_bronze,raw_salesdata,fdn_transaction_silver,dim_invoices,fdn_masterdata_gold,cur_customers,,,,Gold ctrl event,19:40:00,20:15:00,weekly (Sun), 
SCM,Gold,push,DataAsset-K,job_cur_customers,fdn_inventory_bronze,raw_products,fdn_inventory_silver,dim_orders,fdn_inventory_gold,cur_customers,,,,Gold ctrl event,20:15:00,,weekly (Sun), 
PP,Gold,push,DataAsset-G,job_cur_shipments,fdn_masterdata_bronze,raw_customers,fdn_inventory_silver,dim_orders,fdn_customer_gold,cur_shipments,,,,Gold ctrl event,20:30:00,20:40:00,weekly (Sun), 
PP,Gold,push,DataAsset-L,job_cur_customers,fdn_sales_bronze,raw_invoices,fdn_inventory_silver,dim_orders,fdn_transaction_gold,cur_customers,,,,Gold ctrl event,20:30:00,20:40:00,weekly (Sun), 
SA,Gold,push,DataAsset-I,job_cur_salesdata,fdn_product_bronze,raw_customers,fdn_sales_silver,dim_customers,fdn_customer_gold,cur_salesdata,,,,Gold ctrl event,,,Adhoc, 
SA,Gold,push,DataAsset-H,job_cur_salesdata,fdn_product_bronze,raw_shipments,fdn_product_silver,dim_salesdata,fdn_transaction_gold,cur_salesdata,,,,Gold ctrl event,,,Adhoc, 
IM,Gold,push,DataAsset-F,job_cur_salesdata,fdn_inventory_bronze,raw_invoices,fdn_inventory_silver,dim_salesdata,fdn_transaction_gold,cur_salesdata,,,,Gold ctrl event,,,, 
SA,Gold,push,DataAsset-Y,job_cur_orders,fdn_sales_bronze,raw_invoices,fdn_inventory_silver,dim_shipments,fdn_customer_gold,cur_orders,,,,Gold ctrl event,,,, 
IM,Gold,push,DataAsset-I,job_cur_orders,fdn_transaction_bronze,raw_shipments,fdn_transaction_silver,dim_salesdata,fdn_inventory_gold,cur_orders,,,,Gold ctrl event,,,, 
SCM,Bronze,push,DataAsset-S,,fdn_sales_bronze,raw_orders,,,,,/path/to/file2,,,CTRL Event,,,,Y
IM,Bronze,Pull,DataAsset-S,,fdn_sales_bronze,raw_invoices,,,,,,,,schedule,00:00:00,00:15:00,Weekly,
SCM,Silver,push,DataAsset-S,,,,fdn_transaction_silver,dim_invoices,,,/path/to/file4,,,CTRL Event,,,,Y
PP,Silver,Pull,DataAsset-T,,,,fdn_customer_silver,dim_orders,,,,,,schedule,00:00:00,00:15:00,Weekly,
IM,Gold,push,,,,,,,fdn_product_gold,cur_orders,,,,event,00:30:00,00:40:00,Weekly,
SCM,O9,Outbound,DataAsset-M,job_Outbound_O9,,,,,,,,,,schedule,00:30:00,00:45:00,Monthly,
PP,O9,Outbound,DataAsset-G,job_Outbound_O9,,,,,,,,,,schedule,02:30:00,02:40:00,Weekly,
SCM,Bronze,Pull,DataAsset-B,,fdn_transaction_bronze,raw_customers,,,,,,,,schedule,00:00:00,00:40:00,Weekly (Mon),
PP,Gold,Pull,,,,,,,fdn_customer_gold,cur_shipments,,,,Event,00:40:00,00:50:00,Weekly (Mon),
SA,O9-Gold Raw,Inbound,DataAsset-G,job_Inbound_O9-Gold Raw,,,,,fdn_inventory_gold,cur_products,/path/to/file1,,,Schedule,18:15:00,18:30:00,Weekly (Mon),
PP,O9-Gold Raw,Inbound,DataAsset-G,job_Inbound_O9-Gold Raw,,,,,fdn_transaction_gold,cur_customers,/path/to/file4,,,Schedule,18:15:00,18:30:00,Weekly (Mon),
PP,O9,Outbound,DataAsset-P,job_Outbound_O9,,,,,,,,,,Schedule,14:30:00,14:45:00,weekly (tue),
SA,O9,Outbound,DataAsset-G,job_Outbound_O9,,,,,,,,,,Ad hoc,,,,
SA,Bronze,Pull,DataAsset-Y,,fdn_masterdata_bronze,raw_products,,,,,,,,schedule,00:00:00,00:20:00,Monthly,
IM,Silver,Pull,DataAsset-K,,,,fdn_sales_silver,dim_products,,,,,,schedule,00:00:00,00:20:00,Monthly,
IM,Bronze,Pull,DataAsset-A,,fdn_transaction_bronze,raw_shipments,,,,,,,,schedule,09:00:00,09:15:00,Monthly,
IM,silver,Pull,DataAsset-K,,,,fdn_transaction_silver,dim_salesdata,,,,,,schedule,09:00:00,09:15:00,Monthly,
SA,Gold ,Pull,,job_Pull_Gold ,,,,,fdn_customer_gold,cur_customers,,,,Event,,,,
IM,Bronze,Push,DataAsset-S,,fdn_masterdata_bronze,raw_customers,,,,,/path/to/file4,,,.ctrl event,,02:10:00,Weekly (M-F),
IM,Bronze,Push,DataAsset-S,,fdn_product_bronze,raw_orders,,,,,/path/to/file2,,,.ctrl event,,02:10:00,Weekly (M-F),
IM,Gold ,Push,,job_Push_Gold ,,,,,fdn_masterdata_gold,cur_shipments,,,,Event,02:15:00,02:30:00,Weekly (M-F),
SA,Gold ,Push,,job_Push_Gold ,,,,,fdn_masterdata_gold,cur_customers,,,,Event,02:15:00,02:30:00,Weekly (M-F),
IM,Bronze,Push,DataAsset-F,,fdn_masterdata_bronze,raw_salesdata,,,,,/path/to/file8,,,.ctrl event,,02:10:00,Weekly (M-F),
SCM,Bronze,Push,DataAsset-N,,fdn_inventory_bronze,raw_salesdata,,,,,/path/to/file3,,,.ctrl event,,02:10:00,Weekly (M-F),
IM,Gold ,Push,,job_Push_Gold ,,,,,fdn_customer_gold,cur_customers,,,,Event,02:15:00,02:30:00,Weekly (M-F),
IM,Gold ,Push,,job_Push_Gold ,,,,,fdn_customer_gold,cur_customers,,,,Event,02:15:00,02:30:00,Weekly (M-F),
SA,bronze,push,DataAsset-L,,fdn_inventory_bronze,raw_salesdata,,,,,/path/to/file3,,,.ctrl event,,02:15:00,Weekly (M-F),
SCM,silver,push,DataAsset-Z,,,,fdn_transaction_silver,dim_invoices,,,/path/to/file1,,,.ctrl event,,,,
SA,gold,push,,job_cur_products,,,,,fdn_inventory_gold,cur_products,/path/to/file3,,,.ctrl event,02:15:00,02:25:00,Weekly (M-F),
IM,bronze,push,DataAsset-P,,fdn_customer_bronze,raw_customers,,,,,/path/to/file4,,,.ctrl event,04:00:00,04:15:00,Weekly (M-F),
SCM,silver,push,DataAsset-O,,,,fdn_inventory_silver,dim_salesdata,,,/path/to/file6,,,.ctrl event,04:30:00,04:45:00,Weekly (M-F),
SA,gold,push,,job_cur_invoices,,,,,fdn_sales_gold,cur_invoices,/path/to/file2,,,.ctrl event,04:30:00,04:45:00,Weekly (M-F),
PP,bronze,push,DataAsset-M,,fdn_inventory_bronze,raw_shipments,,,,,/path/to/file7,,,.ctrl event,04:00:00,04:10:00,Weekly (M-F),
SCM,silver,push,DataAsset-N,,,,fdn_customer_silver,dim_invoices,,,/path/to/file2,,,.ctrl event,04:00:00,04:10:00,Weekly (M-F),
PP,gold,push,DataAsset-T,job_cur_orders,,,,,fdn_inventory_gold,cur_orders,/path/to/file4,,,.ctrl event,,04:25:00,Weekly (M-F),
SCM,bronze,push,DataAsset-F,,fdn_masterdata_bronze,raw_invoices,,,,,/path/to/file6,,,.ctrl event,01:30:00,01:40:00,Weekly (M-F),
IM,silver,push,DataAsset-H,,,,fdn_transaction_silver,dim_salesdata,,,/path/to/file1,,,.ctrl event,01:30:00,01:40:00,Weekly (M-F),
PP,gold,push,DataAsset-N,job_cur_orders,,,,,fdn_customer_gold,cur_orders,/path/to/file7,,,.ctrl event,02:00:00,02:15:00,Weekly (M-F),
SA,bronze,push,DataAsset-A,,fdn_masterdata_bronze,raw_salesdata,,,,,/path/to/file8,,,.ctrl event,04:00:00,04:10:00,Weekly (M-F),
SCM,silver,push,DataAsset-H,,,,fdn_inventory_silver,dim_shipments,,,/path/to/file1,,,.ctrl event,04:00:00,04:10:00,Weekly (M-F),
PP,gold,push,DataAsset-U,job_cur_products,,,,,fdn_masterdata_gold,cur_products,/path/to/file7,,,.ctrl event,,04:25:00,Weekly (M-F),
SCM,bronze,push,DataAsset-Q,,fdn_product_bronze,raw_orders,,,,,/path/to/file4,,,.ctrl event,01:30:00,01:40:00,Weekly (M-F),
SCM,silver,push,DataAsset-Q,,,,fdn_masterdata_silver,dim_shipments,,,/path/to/file3,,,.ctrl event,01:30:00,01:40:00,Weekly (M-F),
PP,gold,push,DataAsset-R,job_cur_shipments,,,,,fdn_sales_gold,cur_shipments,/path/to/file1,,,.ctrl event,02:00:00,02:15:00,Weekly (M-F),
IM,bronze,push,DataAsset-F,,fdn_customer_bronze,raw_shipments,,,,,/path/to/file5,,,.ctrl event,04:00:00,04:10:00,Weekly (M-F),
SCM,silver,push,DataAsset-B,,,,fdn_customer_silver,dim_invoices,,,/path/to/file7,,,.ctrl event,04:00:00,04:10:00,Weekly (M-F),
SCM,gold,push,DataAsset-Q,job_cur_salesdata,,,,,fdn_customer_gold,cur_salesdata,/path/to/file2,,,.ctrl event,,04:25:00,Weekly (M-F),
PP,bronze,push,DataAsset-W,,fdn_transaction_bronze,raw_customers,,,,,/path/to/file2,,,.ctrl event,01:30:00,01:40:00,Weekly (M-F),
IM,silver,push,DataAsset-R,,,,fdn_product_silver,dim_salesdata,,,/path/to/file5,,,.ctrl event,01:30:00,01:40:00,Weekly (M-F),
IM,gold,push,DataAsset-Y,job_cur_orders,,,,,fdn_sales_gold,cur_orders,/path/to/file2,,,.ctrl event,02:00:00,02:15:00,Weekly (M-F),
SA,bronze,push,DataAsset-T,,fdn_masterdata_bronze,raw_products,,,,,/path/to/file6,,,.ctrl event,04:00:00,04:10:00,Weekly (M-F),
SA,silver,push,DataAsset-Y,,,,fdn_transaction_silver,dim_products,,,/path/to/file6,,,.ctrl event,04:00:00,04:10:00,Weekly (M-F),
PP,gold,push,DataAsset-J,job_cur_shipments,,,,,fdn_transaction_gold,cur_shipments,/path/to/file4,,,.ctrl event,,04:25:00,Weekly (M-F),
SCM,bronze,push,DataAsset-J,,fdn_sales_bronze,raw_products,,,,,/path/to/file2,,,.ctrl event,01:30:00,01:40:00,Weekly (M-F),
IM,silver,push,DataAsset-G,,,,fdn_customer_silver,dim_orders,,,/path/to/file6,,,.ctrl event,01:30:00,01:40:00,Weekly (M-F),
IM,gold,push,DataAsset-Y,job_cur_customers,,,,,fdn_product_gold,cur_customers,/path/to/file5,,,.ctrl event,02:00:00,02:15:00,Weekly (M-F),
PP,bronze,push,DataAsset-S,,fdn_inventory_bronze,raw_orders,,,,,/path/to/file5,,,.ctrl event,04:00:00,04:10:00,Weekly (M-F),
SCM,silver,push,DataAsset-F,,,,fdn_masterdata_silver,dim_customers,,,/path/to/file5,,,.ctrl event,04:00:00,04:10:00,Weekly (M-F),
SCM,gold,push,DataAsset-T,job_cur_invoices,,,,,fdn_product_gold,cur_invoices,/path/to/file3,,,.ctrl event,,04:25:00,Weekly (M-F),
SCM,bronze,push,DataAsset-S,,fdn_inventory_bronze,raw_shipments,,,,,/path/to/file3,,,.ctrl event,01:30:00,01:40:00,Weekly (M-F),
IM,silver,push,DataAsset-G,,,,fdn_inventory_silver,dim_salesdata,,,/path/to/file6,,,.ctrl event,01:30:00,01:40:00,Weekly (M-F),
SA,gold,push,DataAsset-D,job_cur_orders,,,,,fdn_masterdata_gold,cur_orders,/path/to/file5,,,.ctrl event,02:00:00,02:15:00,Weekly (M-F),
SA,O9,Outbound,DataAsset-A,job_Outbound_O9,,,,,,,,,,blob event,01:50:00,01:55:00,Weekly (M-F),
PP,O9,Outbound,DataAsset-H,job_Outbound_O9,,,,,,,,,,blob event,04:15:00,04:20:00,Weekly (M-F),
SCM,Bronze,Push,DataAsset-W,,fdn_inventory_bronze,raw_salesdata,,,,,/path/to/file5,,,.ctrl event,,22:25:00,Weekly (Sun),
PP,Bronze,Push,DataAsset-J,,fdn_transaction_bronze,raw_products,,,,,/path/to/file8,,,.ctrl event,,22:25:00,Weekly (Sun),
PP,Silver,Push,DataAsset-I,,,,fdn_inventory_silver,dim_salesdata,,,/path/to/file5,,,.ctrl event,22:30:00,22:45:00,Weekly (Sun),
IM,Silver,Push,DataAsset-W,,,,fdn_product_silver,dim_salesdata,,,/path/to/file1,,,.ctrl event,23:00:00,23:10:00,Weekly (Sun),
IM,Silver,Push,DataAsset-T,,,,fdn_customer_silver,dim_salesdata,,,/path/to/file7,,,.ctrl event,,,,
SCM,Silver,Push,DataAsset-F,,,,fdn_masterdata_silver,dim_orders,,,/path/to/file1,,,.ctrl event,22:00:00,22:10:00,Weekly (Sun),
SA,Silver,Push,DataAsset-C,,,,fdn_masterdata_silver,dim_orders,,,/path/to/file3,,,.ctrl event,22:15:00,,Weekly (Sun),
PP,Gold,Push,,,,,,,fdn_customer_gold,cur_customers,,,,Custom Event,22:30:00,22:35:00,Weekly (Sun),
PP,Gold,Push,,,,,,,fdn_inventory_gold,cur_orders,,,,Custom Event,23:30:00,23:35:00,Weekly (Sun),
SA,Gold,Push,,,,,,,fdn_product_gold,cur_invoices,,,,Custom Event,,,,
SCM,Gold(realign.),,,job_nan_Gold(realign.),,,,,fdn_transaction_gold,cur_products,,,,Custom Event,23:30:00,23:40:00,Weekly (Sun),
IM,Gold(realign.),,,job_nan_Gold(realign.),,,,,fdn_masterdata_gold,cur_salesdata,,,,Custom Event,23:30:00,23:40:00,Weekly (Sun),
SA,Gold(realign.),,,job_nan_Gold(realign.),,,,,fdn_product_gold,cur_shipments,,,,Custom Event,23:30:00,23:40:00,Weekly (Sun),
SA,Gold(realign.),,,job_nan_Gold(realign.),,,,,,,,,,Custom Event,22:30:00,22:40:00,Weekly (Sun),
PP,Gold(realign.),,,job_nan_Gold(realign.),,,,,,,,,,Custom Event,,22:40:00,Weekly (Sun),
IM,Gold(realign.),,,job_nan_Gold(realign.),,,,,,,,,,Custom Event,,22:45:00,Weekly (Sun),
IM,Gold (realign view),,,,,,,,fdn_customer_gold,cur_products,,,,,,,,
PP,Gold,Push,,,,,,,fdn_transaction_gold,cur_customers,,,,Custom Event,,22:45:00,Weekly (Sun),
SA,Bronze,Push,DataAsset-E,,fdn_sales_bronze,raw_salesdata,,,,,/path/to/file4,,,.ctrl event,,,,
IM,Silver,Push,DataAsset-K,,,,fdn_customer_silver,dim_orders,,,/path/to/file7,,,.ctrl event,,,,
SCM,Gold,Push,DataAsset-J,job_cur_shipments,,,,,fdn_product_gold,cur_shipments,,,,,,,,
SA,Bronze,Pull,DataAsset-S,,fdn_transaction_bronze,raw_shipments,,,,,,,,Schedule,,20:00:00,Weekly (Tue),
IM,Silver,Pull,DataAsset-B,,,,fdn_customer_silver,dim_products,,,,,,Schedule,,20:00:00,Weekly (Tue),
PP,Gold,Pull,DataAsset-P,job_cur_orders,,,,,fdn_transaction_gold,cur_orders,,,,Custom Event,20:15:00,20:15:00,Weekly (Tue),
IM,Bronze,Pull,DataAsset-Q,,fdn_inventory_bronze,raw_shipments,,,,,,,,Schedule,,22:00:00,Weekly (Tue),
SCM,Gold,Pull,DataAsset-G,,,,,,fdn_inventory_gold,cur_orders,,,,Custom Event,20:15:00,20:20:00,Weekly (Tue),
IM,Bronze,Push,DataAsset-Q,,fdn_sales_bronze,raw_products,,,,,/path/to/file1,,,.ctrl event,01:30:00,01:40:00,Weekly (M-F),
PP,Bronze,Push,DataAsset-M,,fdn_masterdata_bronze,raw_salesdata,,,,,/path/to/file4,,,.ctrl event,01:30:00,01:40:00,Weekly (M-F),
SA,Silver,Push,DataAsset-A,,,,fdn_product_silver,dim_orders,,,/path/to/file2,,,.ctrl event,01:30:00,01:40:00,Weekly (M-F),
SA,Silver,Push,DataAsset-Z,,,,fdn_sales_silver,dim_products,,,/path/to/file6,,,.ctrl event,01:30:00,01:40:00,Weekly (M-F),
SCM,Gold,Push,DataAsset-C,job_cur_shipments,,,,,fdn_inventory_gold,cur_shipments,/path/to/file6,,,Custom Event,02:00:00,02:05:00,Weekly (M-F),
SA,Gold,Push,DataAsset-J,job_cur_customers,,,,,fdn_transaction_gold,cur_customers,/path/to/file8,,,Custom Event,02:00:00,02:05:00,Weekly (M-F),
SCM,Bronze,Push,DataAsset-F,,fdn_transaction_bronze,raw_shipments,,,,,/path/to/file1,,,.ctrl event,01:30:00,01:40:00,Weekly (M-F),
PP,Bronze,Push,DataAsset-P,,fdn_transaction_bronze,raw_shipments,,,,,/path/to/file5,,,.ctrl event,01:30:00,01:40:00,Weekly (M-F),
SA,Silver,Push,DataAsset-H,,,,fdn_inventory_silver,dim_customers,,,/path/to/file6,,,.ctrl event,01:30:00,01:40:00,Weekly (M-F),
SCM,Silver,Push,DataAsset-H,,,,fdn_product_silver,dim_shipments,,,/path/to/file8,,,.ctrl event,01:30:00,01:40:00,Weekly (M-F),
PP,Gold,Push,DataAsset-M,job_cur_orders,,,,,fdn_customer_gold,cur_orders,/path/to/file5,,,Custom Event,02:00:00,02:05:00,Weekly (M-F),
IM,Gold,Push,DataAsset-G,job_cur_invoices,,,,,fdn_masterdata_gold,cur_invoices,/path/to/file1,,,Custom Event,02:00:00,02:05:00,Weekly (M-F),
SA,O9,Outbound,DataAsset-K,job_Outbound_O9,,,,,,,,,,Custom Event,02:05:00,02:10:00,Weekly (M-F),
IM,O9,Outbound,DataAsset-F,job_Outbound_O9,,,,,,,,,,Custom Event,01:50:00,01:55:00,Weekly (M-F),
SA,Silver,Push,DataAsset-X,,fdn_product_bronze,raw_products,fdn_inventory_silver,dim_customers,,,/path/to/file7,,,.ctrl event,01:30:00,01:40:00,Weekly (M-F),
PP,Silver,Push,DataAsset-B,,fdn_sales_bronze,raw_orders,fdn_inventory_silver,dim_orders,,,/path/to/file8,,,.ctrl event,04:00:00,04:15:00,Weekly (M-F),
SCM,Gold,Push,DataAsset-O,job_cur_products,,,,,fdn_masterdata_gold,cur_products,/path/to/file1,,,Custom Event,01:40:00,01:50:00,Weekly (M-F),
PP,Gold,Push,DataAsset-K,job_cur_customers,,,,,fdn_masterdata_gold,cur_customers,/path/to/file3,,,Custom Event,04:15:00,04:25:00,Weekly (M-F),
PP,O9,Outbound,DataAsset-W,job_Outbound_O9,,,,,,,,,,Custom Event,04:20:00,04:25:00,Weekly (M-F),
SCM,O9,Outbound,DataAsset-X,job_Outbound_O9,,,,,,,,,,Custom Event,01:50:00,02:00:00,Weekly (M-F),
IM,Bronze,Pull,DataAsset-X,,fdn_masterdata_bronze,raw_salesdata,,,,,,,,schedule,,,,
PP,Bronze,Push,DataAsset-B,,fdn_transaction_bronze,raw_orders,,,,,/path/to/file3,,,.non-ctrl event,,,,
PP,Gold,Push,DataAsset-C,,,,,,fdn_sales_gold,cur_invoices,/path/to/file6,,,Custom Event,,,,
SA,Gold,Push,DataAsset-I,,,,,,fdn_customer_gold,cur_salesdata,/path/to/file4,,,Custom Event,,,,
SA,Gold,Push,DataAsset-P,,,,,,fdn_product_gold,cur_orders,/path/to/file8,,,Blob Event,,,,
SA,O9,Outbound,DataAsset-F,job_Outbound_O9,,,,,,,,,,,,,,
IM,O9,Outbound,DataAsset-F,job_Outbound_O9,,,,,,,,,,,,,,
SCM,Bronze,Push,DataAsset-E,,fdn_sales_bronze,raw_invoices,,,,,/path/to/file5,,,.ctrl event,02:00:00,02:10:00,Weekly (M-F),
IM,Bronze,Push,DataAsset-F,,fdn_sales_bronze,raw_invoices,,,,,/path/to/file5,,,.ctrl event,02:00:00,02:10:00,Weekly (M-F),
PP,Silver,Push,DataAsset-M,,,,fdn_masterdata_silver,dim_shipments,,,/path/to/file7,,,.ctrl event,02:00:00,02:10:00,Weekly (M-F),
SCM,Silver,Push,DataAsset-X,,,,fdn_masterdata_silver,dim_orders,,,/path/to/file4,,,.ctrl event,02:00:00,02:10:00,Weekly (M-F),
PP,Gold,Push,DataAsset-V,job_cur_invoices,,,,,fdn_product_gold,cur_invoices,/path/to/file2,,,Custom Event,02:15:00,02:20:00,Weekly (M-F),
PP,Gold,Push,DataAsset-X,job_cur_invoices,,,,,fdn_product_gold,cur_invoices,/path/to/file8,,,Custom Event,02:15:00,02:20:00,Weekly (M-F),
SCM,O9,Outbound,DataAsset-H,job_Outbound_O9,,,,,,,,,,custome Event,02:15:00,02:20:00,Weekly (M-F),
IM,O9,Outbound,DataAsset-D,job_Outbound_O9,,,,,,,,,,custome Event,02:20:00,02:25:00,Weekly (M-F),
PP,O9,Outbound,DataAsset-T,job_Outbound_O9,,,,,,,,,,,,,,
PP,O9,Outbound,DataAsset-G,job_Outbound_O9,,,,,,,,,,,,,,
PP,Bronze,Push,DataAsset-W,,fdn_customer_bronze,raw_orders,,,,,/path/to/file7,,,,,,,
SA,Gold,Push,DataAsset-B,job_cur_products,,,,,fdn_customer_gold,cur_products,/path/to/file7,,,Custom Event,,,,
SCM,Bronze,push,DataAsset-H,,fdn_inventory_bronze,raw_customers,,,,,/path/to/file6,,,.ctrl event,12:00:00,23:10:00,Monthly (5th or 6th),
PP,Bronze,push,DataAsset-G,,fdn_inventory_bronze,raw_shipments,,,,,/path/to/file6,,,Blob Event,,,,y
SCM,Gold,Push,DataAsset-I,job_cur_customers,,,,,fdn_customer_gold,cur_customers,/path/to/file5,,,Custom Event,00:10:00,23:45:00,Monthly (5th or 6th),
PP,Gold,Push,DataAsset-Y,job_cur_customers,,,,,fdn_transaction_gold,cur_customers,,,,Custom Event,,,Monthly (expected),
SCM,Gold,Push,,,,,,,fdn_sales_gold,cur_customers,,,,Gold ctrl event,02:30:00,14:40:00,Monthly (6th),
SCM,Gold,Push,,,,,,,fdn_masterdata_gold,cur_invoices,,,,Gold ctrl event,02:45:00,02:50:00,Monthly (6th),
PP,Gold,Push,,,,,,,fdn_sales_gold,cur_customers,,,,Gold ctrl event,02:45:00,02:50:00,Monthly (6th),
IM,Gold,Push,DataAsset-E,,,,,,fdn_masterdata_gold,cur_products,,,,,,,,
IM,O9,Outbound,DataAsset-Z,job_Outbound_O9,,,,,,,,,,,,,,
SA,O9,Outbound,DataAsset-O,job_Outbound_O9,,,,,,,,,,Custom Event,00:30:00,02:30:00,Monthly (6th),
SCM,Bronze,push,DataAsset-D,,fdn_masterdata_bronze,raw_products,,,,,/path/to/file1,,,.ctrl event,02:00:00,02:12:00,Weekly (M-F),
SA,Bronze,push,DataAsset-R,,fdn_inventory_bronze,raw_products,,,,,/path/to/file8,,,.ctrl event,02:00:00,02:12:00,Weekly (M-F),
SA,silver,push,DataAsset-O,,,,fdn_product_silver,dim_shipments,,,/path/to/file2,,,.ctrl event,02:00:00,02:12:00,Weekly (M-F),
IM,silver,push,DataAsset-A,,,,fdn_customer_silver,dim_products,,,/path/to/file4,,,.ctrl event,02:00:00,02:12:00,Weekly (M-F),
IM,gold,Push,DataAsset-G,job_cur_invoices,,,,,fdn_customer_gold,cur_invoices,/path/to/file1,,,Custom Event,02:15:00,02:18:00,Weekly (M-F),
PP,gold,Push,DataAsset-U,job_cur_customers,,,,,fdn_sales_gold,cur_customers,/path/to/file4,,,Custom Event,02:15:00,02:18:00,Weekly (M-F),
SCM,O9,Outbound,DataAsset-P,job_Outbound_O9,,,,,,,,,,Custom Event,,,,
SCM,O9,Outbound,DataAsset-B,job_Outbound_O9,,,,,,,,,,Custom Event,02:20:00,02:25:00,Weekly (M-F),
SA,O9,Outbound,DataAsset-K,job_Outbound_O9,,,,,,,,,,Custom Event,,,,
PP,O9,Outbound,DataAsset-R,job_Outbound_O9,,,,,,,,,,Custom Event,02:20:00,02:25:00,Weekly (M-F),
IM,Silver,Push,DataAsset-R,,fdn_inventory_bronze,raw_salesdata,fdn_customer_silver,dim_customers,,,/path/to/file5,,,.ctrl event,18:00:00,19:00:00,Daily,
SCM,Silver,Push,DataAsset-W,,fdn_inventory_bronze,raw_customers,fdn_inventory_silver,dim_orders,,,/path/to/file8,,,.ctrl event,18:00:00,19:00:00,Daily,
PP,Gold,Push,,,,,,,fdn_customer_gold,cur_shipments,,,,Custom Event,19:00:00,19:30:00,Daily,
PP,Gold,Push,,,,,,,fdn_customer_gold,cur_salesdata,,,,Custom Event,20:15:00,20:50:00,Daily,
IM,O9,Outbound,,job_Outbound_O9,,,,,,,,,,Custom Event,20:00:00,20:30:00,Daily,
PP,O9,Outbound,,job_Outbound_O9,,,,,,,,,,Custom Event,21:00:00,21:30:00,Daily,
PP,O9,Outbound,,job_Outbound_O9,,,,,,,,,,Custom Event,22:00:00,22:30:00,Daily,
SA,Bronze,Push,DataAsset-A,,fdn_masterdata_bronze,raw_salesdata,,,,,,,,Event,23:00:00,23:30:00,Daily,
SCM,Silver,Push,DataAsset-I,,fdn_customer_bronze,raw_orders,fdn_sales_silver,dim_invoices,,,/path/to/file6,,,.ctrl event,17:30:00,18:00:00,Daily,
SA,Silver,Push,DataAsset-M,,fdn_product_bronze,raw_shipments,fdn_inventory_silver,dim_orders,,,/path/to/file4,,,.ctrl event,18:00:00,18:30:00,Daily,
SA,Gold,Push,,,,,,,fdn_masterdata_gold,cur_customers,,,,Custom Event,19:00:00,19:30:00,Daily,
SCM,Gold,Push,,,,,,,fdn_inventory_gold,cur_orders,,,,Custom Event,18:45:00,19:15:00,Daily,
PP,Gold,Push,,,,,,,fdn_inventory_gold,cur_products,,,,Custom Event,19:20:00,19:45:00,Daily,
IM,O9,Outbound,,job_Outbound_O9,,,,,,,,,,Custom Event,18:40:00,18:50:00,Daily,
SA,O9,Outbound,,job_Outbound_O9,,,,,,,,,,Custom Event,,,Daily,
SCM,O9,Outbound,,job_Outbound_O9,,,,,,,,,,Custom Event,,,Daily,
SCM,O9,Outbound,,job_Outbound_O9,,,,,,,,,,Custom Event,18:55:00,19:20:00,Daily,
SA,Bronze,push,DataAsset-B,,fdn_sales_bronze,raw_shipments,fdn_product_silver,dim_salesdata,,,/path/to/file5,,,.ctrl event,19:00:00,19:30:00,Daily,
SA,Gold,Push,,,,,,,fdn_transaction_gold,cur_orders,,,,Custom Event,19:00:00,19:30:00,Daily,
IM,O9,Outbound,,job_Outbound_O9,,,,,,,,,,Custom Event,19:00:00,19:30:00,Daily,
IM,Bronze,push,DataAsset-W,,fdn_masterdata_bronze,raw_customers,,,,,/path/to/file7,,,.ctrl event,01:00:00,02:30:00,Weekly,
PP,Bronze,push,DataAsset-D,,fdn_masterdata_bronze,raw_invoices,,,,,/path/to/file8,,,.ctrl event,04:00:00,04:45:00,Weekly,
SCM,Silver,Push,DataAsset-Z,,,,fdn_product_silver,dim_salesdata,,,/path/to/file8,,,.ctrl event,01:00:00,02:30:00,Weekly,
PP,Silver,Push,DataAsset-T,,,,fdn_product_silver,dim_customers,,,/path/to/file2,,,.ctrl event,04:00:00,04:30:00,Weekly,
IM,Gold,Push,,,,,,,fdn_transaction_gold,cur_shipments,/path/to/file1,,,Custom Event,02:00:00,02:30:00,Weekly,
IM,Gold,Push,,,,,,,fdn_inventory_gold,cur_customers,/path/to/file5,,,Custom Event,04:10:00,04:40:00,Weekly,
PP,O9,Outbound,,job_Outbound_O9,,,,,,,,,,Custom Event,,, ,
IM,O9,Outbound,,job_Outbound_O9,,,,,,,,,,Custom Event,02:00:00,02:30:00, ,
IM,O9,Outbound,,job_Outbound_O9,,,,,,,,,,Custom Event,,, ,
IM,O9,Outbound,,job_Outbound_O9,,,,,,,,,,Custom Event,04:15:00,04:40:00, ,
SA,Bronze,push,DataAsset-N,,fdn_sales_bronze,raw_customers,,,,,/path/to/file8,,,.ctrl event,01:30:00,02:00:00,Weekly,
IM,Bronze,push,DataAsset-Y,,fdn_inventory_bronze,raw_orders,,,,,/path/to/file1,,,.ctrl event,01:30:00,02:00:00,Weekly,
IM,Bronze,push,DataAsset-S,,fdn_customer_bronze,raw_shipments,,,,,/path/to/file8,,,.ctrl event,01:30:00,02:00:00,Weekly,
IM,Silver,Push,DataAsset-M,,,,fdn_transaction_silver,dim_invoices,,,/path/to/file5,,,.ctrl event,01:30:00,02:00:00,Weekly,
PP,Silver,Push,DataAsset-E,,,,fdn_inventory_silver,dim_orders,,,/path/to/file8,,,.ctrl event,01:30:00,02:00:00,Weekly,
PP,Silver,Push,DataAsset-O,,,,fdn_masterdata_silver,dim_customers,,,/path/to/file5,,,.ctrl event,01:30:00,02:00:00,Weekly,
IM,Gold,Push,,,,,,,fdn_masterdata_gold,cur_shipments,,,,Custom Event,01:40:00,02:10:00,Weekly,
IM,O9,Outbound,,job_Outbound_O9,,,,,,,,,,Custom Event,,,Weekly,
SCM,O9,Outbound,,job_Outbound_O9,,,,,,,,,,Custom Event,01:40:00,02:10:00,Weekly,
SCM,Gold,Push,,,,,,,fdn_masterdata_gold,cur_shipments,,,,Custom Event,01:40:00,02:00:00,Weekly,
PP,Gold,Push,,,,,,,fdn_masterdata_gold,cur_shipments,,,,Custom Event,01:40:00,02:00:00,Weekly,
SA,Silver,Push,DataAsset-Y,,fdn_masterdata_bronze,raw_invoices,fdn_inventory_silver,dim_orders,,,/path/to/file2,,,.ctrl event,04:00:00,05:00:00,Weekly,
SA,Gold,Push,,,,,,,fdn_inventory_gold,cur_shipments,,,,Custom Event,04:40:00,05:00:00,Weekly,
SCM,O9,Outbound,,job_Outbound_O9,,,,,,,,,,Custom Event,,,Weekly,
PP,O9,Outbound,,job_Outbound_O9,,,,,,,,,,Custom Event,04:40:00,05:00:00,Weekly,
SCM,Bronze,push,DataAsset-I,,fdn_masterdata_bronze,raw_products,,,,,/path/to/file6,,,.ctrl event,02:00:00,02:30:00,Weekly,
SCM,Silver,push,DataAsset-J,,,,fdn_inventory_silver,dim_salesdata,,,/path/to/file5,,,.ctrl event,02:00:00,02:15:00,Weekly,
PP,Gold,Push,,,,,,,fdn_inventory_gold,cur_orders,,,,Custom Event,02:00:00,02:30:00,Weekly,
PP,O9,Outbound,,job_Outbound_O9,,,,,,,,,,Custom Event,02:00:00,02:30:00,Weekly,
SA,O9,Outbound,,job_Outbound_O9,,,,,,,,,,Custom Event,,,Weekly,
PP,Bronze,push,DataAsset-S,,fdn_transaction_bronze,raw_invoices,,,,,/path/to/file2,,,.ctrl event,02:00:00,02:20:00,Weekly,
IM,Silver,push,DataAsset-P,,,,fdn_transaction_silver,dim_salesdata,,,/path/to/file1,,,.ctrl event,02:00:00,02:20:00,Weekly,
SCM,Gold,Push,,,,,,,fdn_inventory_gold,cur_invoices,,,,Custom Event,02:00:00,02:30:00,Weekly,
IM,O9,Outbound,,job_Outbound_O9,,,,,,,,,,Custom Event,02:00:00,02:30:00,Weekly,
SCM,O9,Outbound,,job_Outbound_O9,,,,,,,,,,Custom Event,02:00:00,02:30:00,Weekly,
PP,O9,Outbound,,job_Outbound_O9,,,,,,,,,,Custom Event,,,,
SA,Bronze,push,DataAsset-I,,fdn_transaction_bronze,raw_invoices,,,,,/path/to/file8,,,.ctrl event,02:00:00,02:20:00,Weekly,
IM,Bronze,push,DataAsset-B,,fdn_masterdata_bronze,raw_salesdata,,,,,/path/to/file8,,,.ctrl event,02:00:00,02:15:00,Weekly,
IM,Gold,Push,,,,,,,fdn_product_gold,cur_invoices,,,,Custom Event,02:00:00,02:30:00,Weekly,
SA,Gold,Push,,,,,,,fdn_masterdata_gold,cur_products,,,,Custom Event,02:00:00,02:30:00,Weekly,
SCM,O9,Outbound,,job_Outbound_O9,,,,,,,,,,Custom Event,,,Weekly,
IM,O9,Outbound,,job_Outbound_O9,,,,,,,,,,Custom Event,02:00:00,02:30:00,Weekly,
PP,O9,Outbound,,job_Outbound_O9,,,,,,,,,,Custom Event,,,Weekly,
SA,O9,Outbound,,job_Outbound_O9,,,,,,,,,,Custom Event,02:00:00,02:30:00,Weekly,
SCM,Silver,push,DataAsset-D,,fdn_inventory_bronze,raw_orders,,,,,/path/to/file5,,,.ctrl event,01:00:00,02:00:00,Weekly,
SCM,Silver,push,DataAsset-A,,fdn_masterdata_bronze,raw_orders,,,,,/path/to/file1,,,.ctrl event,04:00:00,04:30:00,Weekly,
IM,silver,push,DataAsset-P,,fdn_customer_bronze,raw_salesdata,,,,,/path/to/file7,,,.ctrl event,01:30:00,01:45:00,Weekly,
IM,Gold,push,,,,,,,fdn_product_gold,cur_invoices,,,,Custom Event,01:30:00,02:00:00,Weekly,
SCM,Gold,push,,,,,,,fdn_sales_gold,cur_products,,,,Custom Event,04:15:00,04:45:00,Weekly,
SA,Gold,push,,,,,,,fdn_sales_gold,cur_products,,,,Custom Event,01:30:00,02:00:00,Weekly,
SCM,O9,Outbound,DataAsset-W,job_Outbound_O9,,,,,,,,,,Custom Event,04:00:00,04:30:00,Weekly,
IM,O9,Outbound,DataAsset-V,job_Outbound_O9,,,,,,,,,,Custom Event,01:40:00,02:00:00,Weekly,
PP,O9,Outbound,DataAsset-R,job_Outbound_O9,,,,,,,,,,Custom Event,01:40:00,02:00:00,Weekly,
SA,Bronze,push,DataAsset-P,,fdn_inventory_bronze,raw_products,,,,,/path/to/file1,,,.ctrl event,01:30:00,01:45:00,Weekly,
PP,Silver,pull,DataAsset-A,,,,fdn_customer_silver,dim_products,,,/path/to/file4,,,.ctrl event,01:30:00,01:45:00,Weekly,
SCM,Gold,Push,,,,,,,fdn_product_gold,cur_orders,,,,Custom Event,01:30:00,02:00:00,Weekly,
IM,O9,Outbound,DataAsset-I,job_Outbound_O9,,,,,,,,,,Custom Event,,,Weekly,
SA,O9,Outbound,DataAsset-N,job_Outbound_O9,,,,,,,,,,Custom Event,01:40:00,02:00:00,Weekly,
PP,Bronze,push,DataAsset-W,,,,,,,,,,,Schedule,11:40:00,12:10:00,Weekly,
SA,Silver,pull,DataAsset-R,,,,,,,,,,,Schedule,11:40:00,12:10:00,Weekly,
SCM,Bronze,Pull,DataAsset-N,,fdn_inventory_bronze,raw_salesdata,,,,,,,,Schedule,17:00:00,22:30:00,Weekly,
SA,Gold,Push,,,,,,,fdn_inventory_gold,cur_customers,,,,Custom Event,22:00:00,22:30:00,Weekly,
IM,Bronze,Push,DataAsset-V,,fdn_masterdata_bronze,raw_orders,,,,,/path/to/file3,,,.ctrl event,18:30:00,18:50:00, ,
SA,Bronze,Push,DataAsset-E,,fdn_product_bronze,raw_orders,,,,,/path/to/file8,,,.ctrl event,18:30:00,18:50:00, ,
SCM,Bronze,Push,DataAsset-Q,,fdn_inventory_bronze,raw_orders,,,,,/path/to/file2,,,.ctrl event,18:30:00,18:50:00, ,
SCM,Bronze,Push,DataAsset-M,,fdn_customer_bronze,raw_salesdata,,,,,/path/to/file1,,,.ctrl event,18:30:00,18:50:00, ,
IM,Bronze,Push,DataAsset-F,,fdn_sales_bronze,raw_orders,,,,,/path/to/file2,,,.ctrl event,18:30:00,18:50:00, ,
SA,Bronze,Push,DataAsset-I,,fdn_masterdata_bronze,raw_products,,,,,/path/to/file1,,,.ctrl event,18:30:00,18:50:00, ,
SA,Bronze,Push,DataAsset-P,,fdn_customer_bronze,raw_invoices,,,,,/path/to/file1,,,.ctrl event,18:30:00,18:50:00, ,
PP,Silver,Push,DataAsset-U,,fdn_inventory_bronze,raw_products,,,,,/path/to/file4,,,.ctrl event,23:25:00,23:40:00,Weekly,
SCM,Silver,Push,DataAsset-D,,fdn_inventory_bronze,raw_customers,,,,,/path/to/file3,,,.ctrl event,19:30:00,19:50:00,Weekly,
IM,Gold,Push,,,,,,,,,,,,Custom Event,23:15:00,23:50:00,Weekly,
IM,O9,Outbound,DataAsset-J,job_Outbound_O9,,,,,,,,,,Custom Event,,,Weekly,
IM,O9,Outbound,DataAsset-Y,job_Outbound_O9,,,,,,,,,,Custom Event,,,Weekly,
IM,O9,Outbound,DataAsset-R,job_Outbound_O9,,,,,,,,,,Custom Event,,,Weekly,
PP,O9,Outbound,DataAsset-H,job_Outbound_O9,,,,,,,,,,Custom Event,,,Weekly,
SA,Bronze,push,DataAsset-O,,fdn_sales_bronze,raw_shipments,,,,,/path/to/file6,,,.ctrlevent,05:30:00,05:45:00,Weekly,
SA,Silver,push,DataAsset-S,,,,fdn_inventory_silver,dim_invoices,,,/path/to/file1,,,.ctrlevent,05:30:00,05:45:00,Weekly,
SA,Gold,push,,,,,,,fdn_customer_gold,cur_orders,,,, ,05:30:00,06:00:00,Weekly,
SCM,O9,Outbound,,job_Outbound_O9,,,,,,,,,,Custom Event,05:30:00,06:00:00,Weekly,
PP,Bronze,push,DataAsset-B,,fdn_customer_bronze,raw_salesdata,,,,,/path/to/file7,,,.ctrlevent,21:30:00,22:30:00,Monthly,
IM,Silver,push,DataAsset-T,,,,fdn_transaction_silver,dim_customers,,,,,, ,,, ,
SA,Gold,push,,,,,,,fdn_transaction_gold,cur_products,,,,Custom Event,21:45:00,22:30:00,Monthly,
SCM,O9,Outbound,,job_Outbound_O9,,,,,,,,,,Custom Event,21:45:00,22:30:00,Monthly,
PP,Gold,push,,,,,,,fdn_product_gold,cur_salesdata,/path/to/file5,,,.ctrlevent,18:50:00,19:30:00,Weekly,
SCM,Gold,push,,,,,,,fdn_customer_gold,cur_shipments,/path/to/file7,,,.ctrlevent,18:50:00,19:30:00,Weekly,
SCM,Gold,push,,,,,,,fdn_masterdata_gold,cur_shipments,/path/to/file5,,,.ctrlevent,16:50:00,17:30:00,Weekly,
IM,Gold,push,,,,,,,fdn_masterdata_gold,cur_orders,/path/to/file3,,,.ctrlevent,16:50:00,17:30:00,Weekly,
IM,O9,Outbound,,job_Outbound_O9,,,,,,,,,,Custom Event,18:50:00,19:30:00,Weekly,
PP,O9,Outbound,,job_Outbound_O9,,,,,,,,,,Custom Event,16:50:00,17:30:00,Weekly,
PP,Bronze,Push,DataAsset-W,job_raw_products,fdn_inventory_bronze,raw_products,,,,,,,, ,,, ,
IM,Bronze,Push,DataAsset-K,job_raw_orders,fdn_product_bronze,raw_orders,,,,,,,, ,,, ,
PP,Bronze,Push,DataAsset-I,job_raw_shipments,fdn_inventory_bronze,raw_shipments,,,,,,,, ,,, ,
SA,Bronze,Push,DataAsset-M,job_raw_products,fdn_sales_bronze,raw_products,,,,,,,, ,,, ,
SA,Bronze,Push,DataAsset-H,job_raw_invoices,fdn_sales_bronze,raw_invoices,,,,,,,, ,,, ,
IM,Gold,Push,,,,,,,fdn_inventory_gold,cur_customers,,,, ,,, ,
PP,Gold,Push,,,,,,,fdn_inventory_gold,cur_invoices,,,, ,,, ,
IM,O9,Outbound,,job_Outbound_O9,,,,,,,,,, ,,, ,
SA,O9,Outbound,,job_Outbound_O9,,,,,,,,,, ,,, ,
SA,O9,Inbound,,job_Inbound_O9,,,,,,,,,, ,,, ,
SA,O9,Inbound,,job_Inbound_O9,,,,,,,,,, ,,, ,
SA,Bronze,Pull,DataAsset-G,,fdn_product_bronze,raw_customers,,,fdn_transaction_gold,cur_salesdata,,,,schedule,17:00:00,18:00:00,Weekly,
SA,Gold,Push,,,,,,,fdn_customer_gold,cur_invoices,,,,Custom Event,18:10:00,18:30:00,Weekly,
SCM,O9,Outbound,,job_Outbound_O9,,,,,,,,,,Custom Event,18:10:00,18:30:00,Weekly,
IM,Gold,push,,,,,,,,,/path/to/file6,,,.ctrlevent,21:15:00,21:40:00,Weekly,
SA,Bronze,push,DataAsset-O,,fdn_customer_bronze,raw_orders,,,fdn_product_gold,cur_orders,/path/to/file7,,,.ctrlevent,19:00:00,19:20:00,Daily,
SCM,bronze,Push,DataAsset-W,,,,,,fdn_customer_gold,cur_invoices,/path/to/file1,,, ,,,No Run History Available,
SA,Gold,Push,,,,,,,,,,,,Custom Event,19:00:00,19:20:00,Daily,
PP,O9,Outbound,,job_Outbound_O9,,,,,,,,,,Custom Event,19:00:00,19:30:00,Daily,
SCM,bronze,push,DataAsset-A,,fdn_product_bronze,raw_salesdata,,,fdn_transaction_gold,cur_shipments,/path/to/file2,,,.ctrlevent,20:00:00,20:30:00,Weekly,
SA,Gold,,,,,,,,fdn_masterdata_gold,cur_shipments,,,,Custom Event,20:45:00,21:30:00,Weekly,
IM,Gold,,,,,,,,fdn_product_gold,cur_salesdata,,,,Custom Event,20:15:00,20:45:00,Weekly,
SCM,Gold,,,,,,,,fdn_masterdata_gold,cur_shipments,,,,Custom Event,21:10:00,21:40:00,Weekly,
SCM,O9,,,job_nan_O9,,,,,,,,,,Custom Event,21:10:00,21:30:00,Weekly,
IM,O9,,,job_nan_O9,,,,,,,,,,Custom Event,21:15:00,21:45:00,Weekly,
PP,Gold,Push,,,,,,,,,/path/to/file4,,,.ctrrlevent,18:45:00,19:15:00,Weekly,
SCM,O9,Outbound,,job_Outbound_O9,,,,,,,,,,Custom Event,17:30:00,18:00:00,Weekly,
SA,O9,Outbound,,job_Outbound_O9,,,,,,,,,,Custom Event,18:45:00,19:15:00,Weekly,
SA,O9,Inbound,,job_Inbound_O9,,,,,,,,,,Custom Event,,,Weekly,
IM,Gold,Push,,,,,,,fdn_product_gold,cur_invoices,/path/to/file7,,,.ctrrlevent,15:00:00,20:00:00,Weekly,
SA,Gold,Push,,,,,,,fdn_masterdata_gold,cur_shipments,/path/to/file2,,,.ctrrlevent,15:00:00,20:00:00,Weekly,
PP,Gold,Push,,,,,,,fdn_inventory_gold,cur_products,/path/to/file6,,,.ctrrlevent,15:00:00,20:00:00,Weekly,
SCM,Gold,Push,,,,,,,fdn_customer_gold,cur_shipments,/path/to/file2,,,.ctrrlevent,15:00:00,20:00:00,Weekly,
PP,Gold,Push,,,,,,,fdn_masterdata_gold,cur_shipments,/path/to/file2,,,.ctrrlevent,18:00:00,18:20:00,Weekly,
SA,Gold,Push,,,,,,,fdn_transaction_gold,cur_orders,/path/to/file2,,,.ctrrlevent,18:00:00,18:20:00,Weekly,
SA,Gold,Push,,,,,,,fdn_masterdata_gold,cur_orders,/path/to/file1,,,.ctrrlevent,18:00:00,18:20:00,Weekly,
PP,Gold,Push,,,,,,,fdn_customer_gold,cur_orders,/path/to/file8,,,.ctrrlevent,18:00:00,18:20:00,Weekly,
SA,Gold,Push,,,,,,,fdn_product_gold,cur_orders,/path/to/file5,,,.ctrrlevent,,,Weekly,
IM,O9,Outbound,,job_Outbound_O9,,,,,,,,,,Custom Event,15:00:00,20:00:00,Weekly,
SA,O9,Outbound,,job_Outbound_O9,,,,,,,,,,Custom Event,15:00:00,20:00:00,Weekly,
IM,O9,Outbound,,job_Outbound_O9,,,,,,,,,,Custom Event,15:00:00,20:00:00,Weekly,
PP,O9,Outbound,,job_Outbound_O9,,,,,,,,,,Custom Event,15:00:00,20:00:00,Weekly,
IM,O9,Inbound,,job_Inbound_O9,,,,,,,,,,Custom Event,18:00:00,18:20:00,Weekly,
SA,O9,Inbound,,job_Inbound_O9,,,,,,,,,,Custom Event,18:00:00,18:20:00,Weekly,
SA,O9,Inbound,,job_Inbound_O9,,,,,,,,,,Custom Event,18:00:00,18:20:00,Weekly,
SCM,O9,Inbound,,job_Inbound_O9,,,,,,,,,,Custom Event,18:00:00,18:20:00,Weekly,
SCM,O9,Inbound,,job_Inbound_O9,,,,,,,,,,Custom Event,,,Weekly,
SA,Gold,Push,,,fdn_sales_bronze,,,,fdn_product_gold,cur_customers,/path/to/file6,,,.ctrrlevent,17:50:00,18:05:00,Weekly,
IM,O9,Outbound,,job_Outbound_O9,,,,,,,,,,Custom Event,17:50:00,18:05:00,Weekly,
SA,Gold,push,,,,,,,,,,,,Custom Event,17:45:00,18:00:00,Weekly,
IM,O9,outbound,,job_outbound_O9,,,,,,,,,,Custom Event,17:45:00,18:00:00,Weekly,
SCM,Gold,push,,,,,,,fdn_customer_gold,cur_invoices,/path/to/file8,,,.ctrl event,19:45:00,18:00:00,Weekly,
IM,Gold,push,,,,,,,fdn_customer_gold,cur_customers,/path/to/file6,,,.ctrl event,19:45:00,18:00:00,Weekly,
SA,Gold,push,,,,,,,fdn_transaction_gold,cur_products,/path/to/file5,,,.ctrl event,19:45:00,18:00:00,Weekly,
PP,Gold,push,,,,,,,fdn_transaction_gold,cur_salesdata,/path/to/file8,,,.ctrl event,19:45:00,18:00:00,Weekly,
SCM,Gold,push,,,,,,,fdn_product_gold,cur_products,/path/to/file2,,,.ctrl event,19:45:00,18:00:00,Weekly,
SCM,Gold,push,,,,,,,fdn_sales_gold,cur_salesdata,/path/to/file8,,,.ctrl event,19:45:00,18:00:00,Weekly,
SCM,O9,Outbound,,job_Outbound_O9,,,,,,,,,,Custom Event,19:45:00,18:00:00,Weekly,
PP,O9,Outbound,,job_Outbound_O9,,,,,,,,,,Custom Event,19:45:00,18:00:00,Weekly,
IM,O9,Outbound,,job_Outbound_O9,,,,,,,,,,Custom Event,19:45:00,18:00:00,Weekly,
IM,O9,Inbound,,job_Inbound_O9,,,,,,,,,,Custom Event,19:45:00,18:00:00,Weekly,
SCM,O9,Inbound,,job_Inbound_O9,,,,,,,,,,Custom Event,19:45:00,18:00:00,Weekly,
SCM,O9,Inbound,,job_Inbound_O9,,,,,,,,,,Custom Event,19:45:00,18:00:00,Weekly,
IM,O9,Inbound,,job_Inbound_O9,,,,,,,,,,Custom Event,19:45:00,18:00:00,Weekly,
IM,O9,Inbound,,job_Inbound_O9,,,,,,,,,,Custom Event,19:45:00,18:00:00,Weekly,
SA,O9,Inbound,,job_Inbound_O9,,,,,,,,,,Custom Event,19:45:00,18:00:00,Weekly,
PP,O9,Inbound,,job_Inbound_O9,,,,,,,,,,Custom Event,19:45:00,18:00:00,Weekly,
SA,O9,Inbound,,job_Inbound_O9,,,,,,,,,,Custom Event,19:45:00,18:00:00,Weekly,
IM,O9,Inbound,,job_Inbound_O9,,,,,,,,,,Custom Event,19:45:00,18:00:00,Weekly,
PP,O9,Inbound,,job_Inbound_O9,,,,,,,,,,Custom Event,19:45:00,18:00:00,Weekly,
PP,O9,Inbound,,job_Inbound_O9,,,,,,,,,,Custom Event,19:45:00,18:00:00,Weekly,
SA,O9,Inbound,,job_Inbound_O9,,,,,,,,,,Custom Event,19:45:00,18:00:00,Weekly,
SCM,O9,Inbound,,job_Inbound_O9,,,,,,,,,,Custom Event,19:45:00,18:00:00,Weekly,
IM,O9,Inbound,,job_Inbound_O9,,,,,,,,,,Custom Event,19:45:00,18:00:00,Weekly,
PP,O9,Inbound,,job_Inbound_O9,,,,,,,,,,Custom Event,19:45:00,18:00:00,Weekly,
SA,O9,Inbound,,job_Inbound_O9,,,,,,,,,,Custom Event,19:45:00,18:00:00,Weekly,
IM,O9,Inbound,,job_Inbound_O9,,,,,,,,,,Custom Event,19:45:00,18:00:00,Weekly,
SA,O9,Inbound,,job_Inbound_O9,,,,,,,,,,Custom Event,19:45:00,18:00:00,Weekly,
IM,O9,Inbound,,job_Inbound_O9,,,,,,,,,,Custom Event,19:45:00,18:00:00,Weekly,
SCM,O9,Inbound,,job_Inbound_O9,,,,,,,,,,Custom Event,19:45:00,18:00:00,Weekly,
PP,O9,Inbound,,job_Inbound_O9,,,,,,,,,,Custom Event,19:45:00,18:00:00,Weekly,
SA,O9,Inbound,,job_Inbound_O9,,,,,,,,,,Custom Event,19:45:00,18:00:00,Weekly,
IM,O9,Inbound,,job_Inbound_O9,,,,,,,,,,Custom Event,19:45:00,18:00:00,Weekly,
IM,O9,Inbound,,job_Inbound_O9,,,,,,,,,,Custom Event,19:45:00,18:00:00,Weekly,
IM,O9,Inbound,,job_Inbound_O9,,,,,,,,,,Custom Event,19:45:00,18:00:00,Weekly,
PP,O9,Inbound,,job_Inbound_O9,,,,,,,,,,Custom Event,19:45:00,18:00:00,Weekly,
PP,O9,Inbound,,job_Inbound_O9,,,,,,,,,,Custom Event,19:45:00,18:00:00,Weekly,
PP,O9,Inbound,,job_Inbound_O9,,,,,,,,,,Custom Event,19:45:00,18:00:00,Weekly,
SA,O9,Inbound,,job_Inbound_O9,,,,,,,,,,,,,,
PP,O9,Inbound,,job_Inbound_O9,,,,,,,,,,,,,,
SA,O9,Inbound,,job_Inbound_O9,,,,,,,,,,,,,,
